epoch,loss,test_loss,train_acc,test_acc,done,timesteps_total,episodes_total,training_iteration,experiment_id,date,timestamp,time_this_iter_s,time_total_s,pid,hostname,node_ip,time_since_restore,timesteps_since_restore,iterations_since_restore,trial_id,experiment_tag
0,1.2963661,1.4241178,0.45274535,0.4238502,False,,,1,8138601866f14c599b869b9f72258bd7,2020-03-06_21-12-54,1583525574,15.125278949737549,15.125278949737549,16975,home,10.183.96.137,15.125278949737549,0,1,1ddeaff4,"12_batch_size=64,data_preprocessing=high_pass,dim_hidden=6,lr=0.04536,stateful=True,use_lstm=True"
1,1.0258713,1.2023635,0.5493172,0.5252276,False,,,2,8138601866f14c599b869b9f72258bd7,2020-03-06_21-12-59,1583525579,5.487613916397095,20.612892866134644,16975,home,10.183.96.137,20.612892866134644,0,2,1ddeaff4,"12_batch_size=64,data_preprocessing=high_pass,dim_hidden=6,lr=0.04536,stateful=True,use_lstm=True"
2,0.89973366,1.3138912,0.5953428,0.49472067,False,,,3,8138601866f14c599b869b9f72258bd7,2020-03-06_21-13-08,1583525588,6.158575534820557,26.7714684009552,16975,home,10.183.96.137,26.7714684009552,0,3,1ddeaff4,"12_batch_size=64,data_preprocessing=high_pass,dim_hidden=6,lr=0.04536,stateful=True,use_lstm=True"
3,0.84686166,1.6050099,0.6035226,0.45600995,False,,,4,8138601866f14c599b869b9f72258bd7,2020-03-06_21-13-14,1583525594,6.364034175872803,33.135502576828,16975,home,10.183.96.137,33.135502576828,0,4,1ddeaff4,"12_batch_size=64,data_preprocessing=high_pass,dim_hidden=6,lr=0.04536,stateful=True,use_lstm=True"
4,0.7426353,1.4342747,0.6509835,0.56831384,False,,,5,8138601866f14c599b869b9f72258bd7,2020-03-06_21-13-20,1583525600,6.332590579986572,39.468093156814575,16975,home,10.183.96.137,39.468093156814575,0,5,1ddeaff4,"12_batch_size=64,data_preprocessing=high_pass,dim_hidden=6,lr=0.04536,stateful=True,use_lstm=True"
5,0.7866616,1.1194785,0.6395961,0.5851678,False,,,6,8138601866f14c599b869b9f72258bd7,2020-03-06_21-13-26,1583525606,5.72283935546875,45.190932512283325,16975,home,10.183.96.137,45.190932512283325,0,6,1ddeaff4,"12_batch_size=64,data_preprocessing=high_pass,dim_hidden=6,lr=0.04536,stateful=True,use_lstm=True"
6,1.034852,1.450782,0.5745068,0.50078815,False,,,7,8138601866f14c599b869b9f72258bd7,2020-03-06_21-13-33,1583525613,6.592072486877441,51.78300499916077,16975,home,10.183.96.137,51.78300499916077,0,7,1ddeaff4,"12_batch_size=64,data_preprocessing=high_pass,dim_hidden=6,lr=0.04536,stateful=True,use_lstm=True"
7,0.8353796,1.5644717,0.61520153,0.48802462,False,,,8,8138601866f14c599b869b9f72258bd7,2020-03-06_21-13-40,1583525620,6.376035690307617,58.159040689468384,16975,home,10.183.96.137,58.159040689468384,0,8,1ddeaff4,"12_batch_size=64,data_preprocessing=high_pass,dim_hidden=6,lr=0.04536,stateful=True,use_lstm=True"
8,0.7838135,1.6928526,0.6393643,0.53712827,False,,,9,8138601866f14c599b869b9f72258bd7,2020-03-06_21-13-48,1583525628,6.459214210510254,64.61825489997864,16975,home,10.183.96.137,64.61825489997864,0,9,1ddeaff4,"12_batch_size=64,data_preprocessing=high_pass,dim_hidden=6,lr=0.04536,stateful=True,use_lstm=True"
9,0.78543377,1.7740579,0.637078,0.47790462,False,,,10,8138601866f14c599b869b9f72258bd7,2020-03-06_21-13-54,1583525634,5.941205978393555,70.55946087837219,16975,home,10.183.96.137,70.55946087837219,0,10,1ddeaff4,"12_batch_size=64,data_preprocessing=high_pass,dim_hidden=6,lr=0.04536,stateful=True,use_lstm=True"
10,0.73083776,1.9323804,0.6549173,0.516147,False,,,11,8138601866f14c599b869b9f72258bd7,2020-03-06_21-14-02,1583525642,6.391810417175293,76.95127129554749,16975,home,10.183.96.137,76.95127129554749,0,11,1ddeaff4,"12_batch_size=64,data_preprocessing=high_pass,dim_hidden=6,lr=0.04536,stateful=True,use_lstm=True"
11,0.67443186,1.5161761,0.6719401,0.5657231,False,,,12,8138601866f14c599b869b9f72258bd7,2020-03-06_21-14-09,1583525649,6.300871849060059,83.25214314460754,16975,home,10.183.96.137,83.25214314460754,0,12,1ddeaff4,"12_batch_size=64,data_preprocessing=high_pass,dim_hidden=6,lr=0.04536,stateful=True,use_lstm=True"
12,0.72157,2.0429692,0.6611241,0.5084321,False,,,13,8138601866f14c599b869b9f72258bd7,2020-03-06_21-14-15,1583525655,6.306382656097412,89.55852580070496,16975,home,10.183.96.137,89.55852580070496,0,13,1ddeaff4,"12_batch_size=64,data_preprocessing=high_pass,dim_hidden=6,lr=0.04536,stateful=True,use_lstm=True"
13,0.66507906,1.4458352,0.67985296,0.5680032,False,,,14,8138601866f14c599b869b9f72258bd7,2020-03-06_21-14-21,1583525661,5.738831996917725,95.29735779762268,16975,home,10.183.96.137,95.29735779762268,0,14,1ddeaff4,"12_batch_size=64,data_preprocessing=high_pass,dim_hidden=6,lr=0.04536,stateful=True,use_lstm=True"
14,0.6064751,1.3655847,0.6996039,0.6264888,False,,,15,8138601866f14c599b869b9f72258bd7,2020-03-06_21-14-27,1583525667,5.090452432632446,100.38781023025513,16975,home,10.183.96.137,100.38781023025513,0,15,1ddeaff4,"12_batch_size=64,data_preprocessing=high_pass,dim_hidden=6,lr=0.04536,stateful=True,use_lstm=True"
15,0.5863513,1.4490819,0.7052874,0.5899742,False,,,16,8138601866f14c599b869b9f72258bd7,2020-03-06_21-14-34,1583525674,6.07761287689209,106.46542310714722,16975,home,10.183.96.137,106.46542310714722,0,16,1ddeaff4,"12_batch_size=64,data_preprocessing=high_pass,dim_hidden=6,lr=0.04536,stateful=True,use_lstm=True"
16,0.59926105,1.3822278,0.6986865,0.649311,False,,,17,8138601866f14c599b869b9f72258bd7,2020-03-06_21-14-40,1583525680,6.204118490219116,112.66954159736633,16975,home,10.183.96.137,112.66954159736633,0,17,1ddeaff4,"12_batch_size=64,data_preprocessing=high_pass,dim_hidden=6,lr=0.04536,stateful=True,use_lstm=True"
17,0.59916383,1.7438864,0.70939636,0.5920654,False,,,18,8138601866f14c599b869b9f72258bd7,2020-03-06_21-14-47,1583525687,6.626445293426514,119.29598689079285,16975,home,10.183.96.137,119.29598689079285,0,18,1ddeaff4,"12_batch_size=64,data_preprocessing=high_pass,dim_hidden=6,lr=0.04536,stateful=True,use_lstm=True"
18,0.52819926,1.8794585,0.73175395,0.5882389,False,,,19,8138601866f14c599b869b9f72258bd7,2020-03-06_21-14-53,1583525693,6.01410984992981,125.31009674072266,16975,home,10.183.96.137,125.31009674072266,0,19,1ddeaff4,"12_batch_size=64,data_preprocessing=high_pass,dim_hidden=6,lr=0.04536,stateful=True,use_lstm=True"
19,0.5310297,2.1620376,0.7225435,0.5529926,False,,,20,8138601866f14c599b869b9f72258bd7,2020-03-06_21-15-02,1583525702,6.837812662124634,132.1479094028473,16975,home,10.183.96.137,132.1479094028473,0,20,1ddeaff4,"12_batch_size=64,data_preprocessing=high_pass,dim_hidden=6,lr=0.04536,stateful=True,use_lstm=True"
20,0.5321298,1.8500068,0.7261968,0.5963608,False,,,21,8138601866f14c599b869b9f72258bd7,2020-03-06_21-15-10,1583525710,5.911884307861328,138.05979371070862,16975,home,10.183.96.137,138.05979371070862,0,21,1ddeaff4,"12_batch_size=64,data_preprocessing=high_pass,dim_hidden=6,lr=0.04536,stateful=True,use_lstm=True"
21,0.4935363,1.5186754,0.74166626,0.66456944,False,,,22,8138601866f14c599b869b9f72258bd7,2020-03-06_21-15-16,1583525716,6.210664987564087,144.2704586982727,16975,home,10.183.96.137,144.2704586982727,0,22,1ddeaff4,"12_batch_size=64,data_preprocessing=high_pass,dim_hidden=6,lr=0.04536,stateful=True,use_lstm=True"
22,0.53425866,1.8803734,0.7276495,0.57573825,False,,,23,8138601866f14c599b869b9f72258bd7,2020-03-06_21-15-23,1583525723,6.29250168800354,150.56296038627625,16975,home,10.183.96.137,150.56296038627625,0,23,1ddeaff4,"12_batch_size=64,data_preprocessing=high_pass,dim_hidden=6,lr=0.04536,stateful=True,use_lstm=True"
23,0.5186387,1.8008875,0.72783965,0.6458506,False,,,24,8138601866f14c599b869b9f72258bd7,2020-03-06_21-15-28,1583525728,5.280698537826538,155.84365892410278,16975,home,10.183.96.137,155.84365892410278,0,24,1ddeaff4,"12_batch_size=64,data_preprocessing=high_pass,dim_hidden=6,lr=0.04536,stateful=True,use_lstm=True"
24,0.520115,1.6322286,0.73459023,0.5840615,False,,,25,8138601866f14c599b869b9f72258bd7,2020-03-06_21-15-34,1583525734,6.287569522857666,162.13122844696045,16975,home,10.183.96.137,162.13122844696045,0,25,1ddeaff4,"12_batch_size=64,data_preprocessing=high_pass,dim_hidden=6,lr=0.04536,stateful=True,use_lstm=True"
25,0.49873605,1.5769359,0.7416185,0.6595869,False,,,26,8138601866f14c599b869b9f72258bd7,2020-03-06_21-15-40,1583525740,6.329080581665039,168.4603090286255,16975,home,10.183.96.137,168.4603090286255,0,26,1ddeaff4,"12_batch_size=64,data_preprocessing=high_pass,dim_hidden=6,lr=0.04536,stateful=True,use_lstm=True"
26,0.4967815,1.9393458,0.7411008,0.6081698,False,,,27,8138601866f14c599b869b9f72258bd7,2020-03-06_21-15-46,1583525746,6.00629997253418,174.46660900115967,16975,home,10.183.96.137,174.46660900115967,0,27,1ddeaff4,"12_batch_size=64,data_preprocessing=high_pass,dim_hidden=6,lr=0.04536,stateful=True,use_lstm=True"
27,0.49015385,2.3205554,0.7467257,0.58402467,False,,,28,8138601866f14c599b869b9f72258bd7,2020-03-06_21-15-54,1583525754,5.863709926605225,180.3303189277649,16975,home,10.183.96.137,180.3303189277649,0,28,1ddeaff4,"12_batch_size=64,data_preprocessing=high_pass,dim_hidden=6,lr=0.04536,stateful=True,use_lstm=True"
28,0.51993316,2.036961,0.7280839,0.622109,False,,,29,8138601866f14c599b869b9f72258bd7,2020-03-06_21-16-03,1583525763,6.737992763519287,187.06831169128418,16975,home,10.183.96.137,187.06831169128418,0,29,1ddeaff4,"12_batch_size=64,data_preprocessing=high_pass,dim_hidden=6,lr=0.04536,stateful=True,use_lstm=True"
29,0.4841053,1.63012,0.7477487,0.68148524,False,,,30,8138601866f14c599b869b9f72258bd7,2020-03-06_21-16-09,1583525769,6.306043386459351,193.37435507774353,16975,home,10.183.96.137,193.37435507774353,0,30,1ddeaff4,"12_batch_size=64,data_preprocessing=high_pass,dim_hidden=6,lr=0.04536,stateful=True,use_lstm=True"
30,0.4612492,1.990946,0.7601996,0.63852125,False,,,31,8138601866f14c599b869b9f72258bd7,2020-03-06_21-16-15,1583525775,6.3247785568237305,199.69913363456726,16975,home,10.183.96.137,199.69913363456726,0,31,1ddeaff4,"12_batch_size=64,data_preprocessing=high_pass,dim_hidden=6,lr=0.04536,stateful=True,use_lstm=True"
31,0.43915638,1.8068824,0.7630329,0.6611767,False,,,32,8138601866f14c599b869b9f72258bd7,2020-03-06_21-16-21,1583525781,5.934849739074707,205.63398337364197,16975,home,10.183.96.137,205.63398337364197,0,32,1ddeaff4,"12_batch_size=64,data_preprocessing=high_pass,dim_hidden=6,lr=0.04536,stateful=True,use_lstm=True"
32,0.4292568,1.4246325,0.7686056,0.6849461,False,,,33,8138601866f14c599b869b9f72258bd7,2020-03-06_21-16-34,1583525794,5.598171949386597,211.23215532302856,16975,home,10.183.96.137,211.23215532302856,0,33,1ddeaff4,"12_batch_size=64,data_preprocessing=high_pass,dim_hidden=6,lr=0.04536,stateful=True,use_lstm=True"
33,0.45003858,1.5035998,0.7528953,0.6824278,False,,,34,8138601866f14c599b869b9f72258bd7,2020-03-06_21-16-41,1583525801,5.9293389320373535,217.16149425506592,16975,home,10.183.96.137,217.16149425506592,0,34,1ddeaff4,"12_batch_size=64,data_preprocessing=high_pass,dim_hidden=6,lr=0.04536,stateful=True,use_lstm=True"
34,0.47351888,1.7477471,0.75372523,0.6275012,False,,,35,8138601866f14c599b869b9f72258bd7,2020-03-06_21-16-46,1583525806,5.567951202392578,222.7294454574585,16975,home,10.183.96.137,222.7294454574585,0,35,1ddeaff4,"12_batch_size=64,data_preprocessing=high_pass,dim_hidden=6,lr=0.04536,stateful=True,use_lstm=True"
35,0.45031032,1.6239332,0.7595088,0.66966075,False,,,36,8138601866f14c599b869b9f72258bd7,2020-03-06_21-16-52,1583525812,5.633831739425659,228.36327719688416,16975,home,10.183.96.137,228.36327719688416,0,36,1ddeaff4,"12_batch_size=64,data_preprocessing=high_pass,dim_hidden=6,lr=0.04536,stateful=True,use_lstm=True"
36,0.48153412,1.810752,0.74854743,0.65709335,False,,,37,8138601866f14c599b869b9f72258bd7,2020-03-06_21-16-58,1583525818,5.862919092178345,234.2261962890625,16975,home,10.183.96.137,234.2261962890625,0,37,1ddeaff4,"12_batch_size=64,data_preprocessing=high_pass,dim_hidden=6,lr=0.04536,stateful=True,use_lstm=True"
37,0.42639652,1.6524976,0.771854,0.6303141,False,,,38,8138601866f14c599b869b9f72258bd7,2020-03-06_21-17-04,1583525824,5.9398534297943115,240.1660497188568,16975,home,10.183.96.137,240.1660497188568,0,38,1ddeaff4,"12_batch_size=64,data_preprocessing=high_pass,dim_hidden=6,lr=0.04536,stateful=True,use_lstm=True"
38,0.4229876,1.764442,0.7772887,0.66569734,False,,,39,8138601866f14c599b869b9f72258bd7,2020-03-06_21-17-09,1583525829,5.066463947296143,245.23251366615295,16975,home,10.183.96.137,245.23251366615295,0,39,1ddeaff4,"12_batch_size=64,data_preprocessing=high_pass,dim_hidden=6,lr=0.04536,stateful=True,use_lstm=True"
39,0.3991732,1.8539149,0.7787983,0.6120899,False,,,40,8138601866f14c599b869b9f72258bd7,2020-03-06_21-17-17,1583525837,5.869651556015015,251.10216522216797,16975,home,10.183.96.137,251.10216522216797,0,40,1ddeaff4,"12_batch_size=64,data_preprocessing=high_pass,dim_hidden=6,lr=0.04536,stateful=True,use_lstm=True"
40,0.42941043,1.6198595,0.7746784,0.6371759,False,,,41,8138601866f14c599b869b9f72258bd7,2020-03-06_21-17-26,1583525846,6.114928960800171,257.21709418296814,16975,home,10.183.96.137,257.21709418296814,0,41,1ddeaff4,"12_batch_size=64,data_preprocessing=high_pass,dim_hidden=6,lr=0.04536,stateful=True,use_lstm=True"
41,0.41149342,1.8620526,0.7756563,0.64081395,False,,,42,8138601866f14c599b869b9f72258bd7,2020-03-06_21-17-32,1583525852,5.625825643539429,262.84291982650757,16975,home,10.183.96.137,262.84291982650757,0,42,1ddeaff4,"12_batch_size=64,data_preprocessing=high_pass,dim_hidden=6,lr=0.04536,stateful=True,use_lstm=True"
42,0.4241408,1.777834,0.77881044,0.6697582,False,,,43,8138601866f14c599b869b9f72258bd7,2020-03-06_21-17-38,1583525858,5.783458948135376,268.62637877464294,16975,home,10.183.96.137,268.62637877464294,0,43,1ddeaff4,"12_batch_size=64,data_preprocessing=high_pass,dim_hidden=6,lr=0.04536,stateful=True,use_lstm=True"
43,0.39357546,1.5264876,0.7800589,0.70487356,False,,,44,8138601866f14c599b869b9f72258bd7,2020-03-06_21-17-43,1583525863,5.862107992172241,274.4884867668152,16975,home,10.183.96.137,274.4884867668152,0,44,1ddeaff4,"12_batch_size=64,data_preprocessing=high_pass,dim_hidden=6,lr=0.04536,stateful=True,use_lstm=True"
44,0.3843245,1.933144,0.7908476,0.62274086,False,,,45,8138601866f14c599b869b9f72258bd7,2020-03-06_21-17-48,1583525868,5.027602434158325,279.5160892009735,16975,home,10.183.96.137,279.5160892009735,0,45,1ddeaff4,"12_batch_size=64,data_preprocessing=high_pass,dim_hidden=6,lr=0.04536,stateful=True,use_lstm=True"
45,0.36379322,1.5392259,0.79501,0.6996467,False,,,46,8138601866f14c599b869b9f72258bd7,2020-03-06_21-18-00,1583525880,5.86136269569397,285.3774518966675,16975,home,10.183.96.137,285.3774518966675,0,46,1ddeaff4,"12_batch_size=64,data_preprocessing=high_pass,dim_hidden=6,lr=0.04536,stateful=True,use_lstm=True"
46,0.36642635,1.6717454,0.7993993,0.70718646,False,,,47,8138601866f14c599b869b9f72258bd7,2020-03-06_21-18-05,1583525885,5.092373609542847,290.4698255062103,16975,home,10.183.96.137,290.4698255062103,0,47,1ddeaff4,"12_batch_size=64,data_preprocessing=high_pass,dim_hidden=6,lr=0.04536,stateful=True,use_lstm=True"
47,0.38938832,1.687072,0.78649694,0.65776813,False,,,48,8138601866f14c599b869b9f72258bd7,2020-03-06_21-18-13,1583525893,5.818493366241455,296.2883188724518,16975,home,10.183.96.137,296.2883188724518,0,48,1ddeaff4,"12_batch_size=64,data_preprocessing=high_pass,dim_hidden=6,lr=0.04536,stateful=True,use_lstm=True"
48,0.35248598,1.5614272,0.79831845,0.7039463,False,,,49,8138601866f14c599b869b9f72258bd7,2020-03-06_21-18-19,1583525899,5.8397216796875,302.1280405521393,16975,home,10.183.96.137,302.1280405521393,0,49,1ddeaff4,"12_batch_size=64,data_preprocessing=high_pass,dim_hidden=6,lr=0.04536,stateful=True,use_lstm=True"
49,0.3568687,1.9565434,0.7961017,0.67356753,False,,,50,8138601866f14c599b869b9f72258bd7,2020-03-06_21-18-25,1583525905,5.7548346519470215,307.8828752040863,16975,home,10.183.96.137,307.8828752040863,0,50,1ddeaff4,"12_batch_size=64,data_preprocessing=high_pass,dim_hidden=6,lr=0.04536,stateful=True,use_lstm=True"
50,0.39052156,1.9103888,0.78817695,0.6718848,False,,,51,8138601866f14c599b869b9f72258bd7,2020-03-06_21-18-30,1583525910,5.722507476806641,313.60538268089294,16975,home,10.183.96.137,313.60538268089294,0,51,1ddeaff4,"12_batch_size=64,data_preprocessing=high_pass,dim_hidden=6,lr=0.04536,stateful=True,use_lstm=True"
51,0.30645707,2.4947467,0.8221679,0.6122707,False,,,52,8138601866f14c599b869b9f72258bd7,2020-03-06_21-18-36,1583525916,5.315269470214844,318.9206521511078,16975,home,10.183.96.137,318.9206521511078,0,52,1ddeaff4,"12_batch_size=64,data_preprocessing=high_pass,dim_hidden=6,lr=0.04536,stateful=True,use_lstm=True"
52,0.32879907,2.613822,0.8070775,0.61704355,False,,,53,8138601866f14c599b869b9f72258bd7,2020-03-06_21-18-41,1583525921,5.822468280792236,324.7431204319,16975,home,10.183.96.137,324.7431204319,0,53,1ddeaff4,"12_batch_size=64,data_preprocessing=high_pass,dim_hidden=6,lr=0.04536,stateful=True,use_lstm=True"
53,0.32995498,2.5800707,0.80918205,0.6314685,False,,,54,8138601866f14c599b869b9f72258bd7,2020-03-06_21-18-47,1583525927,5.346580505371094,330.0897009372711,16975,home,10.183.96.137,330.0897009372711,0,54,1ddeaff4,"12_batch_size=64,data_preprocessing=high_pass,dim_hidden=6,lr=0.04536,stateful=True,use_lstm=True"
54,0.301747,2.2560115,0.8232341,0.6799092,False,,,55,8138601866f14c599b869b9f72258bd7,2020-03-06_21-18-52,1583525932,5.38485312461853,335.47455406188965,16975,home,10.183.96.137,335.47455406188965,0,55,1ddeaff4,"12_batch_size=64,data_preprocessing=high_pass,dim_hidden=6,lr=0.04536,stateful=True,use_lstm=True"
55,0.34782127,1.8613025,0.8074548,0.6438642,False,,,56,8138601866f14c599b869b9f72258bd7,2020-03-06_21-18-58,1583525938,5.500606536865234,340.9751605987549,16975,home,10.183.96.137,340.9751605987549,0,56,1ddeaff4,"12_batch_size=64,data_preprocessing=high_pass,dim_hidden=6,lr=0.04536,stateful=True,use_lstm=True"
56,0.33767533,2.1397176,0.8121278,0.66386503,False,,,57,8138601866f14c599b869b9f72258bd7,2020-03-06_21-19-03,1583525943,5.576634883880615,346.5517954826355,16975,home,10.183.96.137,346.5517954826355,0,57,1ddeaff4,"12_batch_size=64,data_preprocessing=high_pass,dim_hidden=6,lr=0.04536,stateful=True,use_lstm=True"
57,0.31659552,2.5170598,0.81921566,0.65320015,False,,,58,8138601866f14c599b869b9f72258bd7,2020-03-06_21-19-09,1583525949,5.291129112243652,351.84292459487915,16975,home,10.183.96.137,351.84292459487915,0,58,1ddeaff4,"12_batch_size=64,data_preprocessing=high_pass,dim_hidden=6,lr=0.04536,stateful=True,use_lstm=True"
58,0.33414015,2.2705588,0.81110555,0.6339985,False,,,59,8138601866f14c599b869b9f72258bd7,2020-03-06_21-19-14,1583525954,5.573065757751465,357.4159903526306,16975,home,10.183.96.137,357.4159903526306,0,59,1ddeaff4,"12_batch_size=64,data_preprocessing=high_pass,dim_hidden=6,lr=0.04536,stateful=True,use_lstm=True"
59,0.3004614,1.7918478,0.824893,0.70489955,False,,,60,8138601866f14c599b869b9f72258bd7,2020-03-06_21-19-20,1583525960,5.6801042556762695,363.0960946083069,16975,home,10.183.96.137,363.0960946083069,0,60,1ddeaff4,"12_batch_size=64,data_preprocessing=high_pass,dim_hidden=6,lr=0.04536,stateful=True,use_lstm=True"
60,0.28644094,2.4882605,0.8316207,0.6376793,False,,,61,8138601866f14c599b869b9f72258bd7,2020-03-06_21-19-28,1583525968,5.547879695892334,368.6439743041992,16975,home,10.183.96.137,368.6439743041992,0,61,1ddeaff4,"12_batch_size=64,data_preprocessing=high_pass,dim_hidden=6,lr=0.04536,stateful=True,use_lstm=True"
61,0.263188,2.1213562,0.84226334,0.69141865,False,,,62,8138601866f14c599b869b9f72258bd7,2020-03-06_21-19-34,1583525974,5.442102432250977,374.0860767364502,16975,home,10.183.96.137,374.0860767364502,0,62,1ddeaff4,"12_batch_size=64,data_preprocessing=high_pass,dim_hidden=6,lr=0.04536,stateful=True,use_lstm=True"
62,0.29857028,1.7753099,0.8339648,0.7051957,False,,,63,8138601866f14c599b869b9f72258bd7,2020-03-06_21-19-39,1583525979,5.161769866943359,379.24784660339355,16975,home,10.183.96.137,379.24784660339355,0,63,1ddeaff4,"12_batch_size=64,data_preprocessing=high_pass,dim_hidden=6,lr=0.04536,stateful=True,use_lstm=True"
63,0.28511485,2.3741834,0.83429587,0.66160256,False,,,64,8138601866f14c599b869b9f72258bd7,2020-03-06_21-19-46,1583525986,6.476810455322266,385.7246570587158,16975,home,10.183.96.137,385.7246570587158,0,64,1ddeaff4,"12_batch_size=64,data_preprocessing=high_pass,dim_hidden=6,lr=0.04536,stateful=True,use_lstm=True"
64,0.26719797,2.2385335,0.8424172,0.675042,False,,,65,8138601866f14c599b869b9f72258bd7,2020-03-06_21-19-52,1583525992,5.988897085189819,391.71355414390564,16975,home,10.183.96.137,391.71355414390564,0,65,1ddeaff4,"12_batch_size=64,data_preprocessing=high_pass,dim_hidden=6,lr=0.04536,stateful=True,use_lstm=True"
65,0.29681963,2.2130766,0.83053225,0.65971136,False,,,66,8138601866f14c599b869b9f72258bd7,2020-03-06_21-19-57,1583525997,5.476699352264404,397.19025349617004,16975,home,10.183.96.137,397.19025349617004,0,66,1ddeaff4,"12_batch_size=64,data_preprocessing=high_pass,dim_hidden=6,lr=0.04536,stateful=True,use_lstm=True"
66,0.24959731,2.4486578,0.8503248,0.67931104,False,,,67,8138601866f14c599b869b9f72258bd7,2020-03-06_21-20-03,1583526003,5.553079843521118,402.74333333969116,16975,home,10.183.96.137,402.74333333969116,0,67,1ddeaff4,"12_batch_size=64,data_preprocessing=high_pass,dim_hidden=6,lr=0.04536,stateful=True,use_lstm=True"
67,0.29711503,2.022776,0.83180773,0.66716266,False,,,68,8138601866f14c599b869b9f72258bd7,2020-03-06_21-20-08,1583526008,5.5552191734313965,408.29855251312256,16975,home,10.183.96.137,408.29855251312256,0,68,1ddeaff4,"12_batch_size=64,data_preprocessing=high_pass,dim_hidden=6,lr=0.04536,stateful=True,use_lstm=True"
68,0.25278768,1.9488938,0.8532149,0.659281,False,,,69,8138601866f14c599b869b9f72258bd7,2020-03-06_21-20-14,1583526014,5.627534866333008,413.92608737945557,16975,home,10.183.96.137,413.92608737945557,0,69,1ddeaff4,"12_batch_size=64,data_preprocessing=high_pass,dim_hidden=6,lr=0.04536,stateful=True,use_lstm=True"
69,0.35483932,1.9864022,0.8099495,0.63454026,False,,,70,8138601866f14c599b869b9f72258bd7,2020-03-06_21-20-20,1583526020,5.744595050811768,419.67068243026733,16975,home,10.183.96.137,419.67068243026733,0,70,1ddeaff4,"12_batch_size=64,data_preprocessing=high_pass,dim_hidden=6,lr=0.04536,stateful=True,use_lstm=True"
70,0.28066066,1.8963021,0.8343509,0.6741427,False,,,71,8138601866f14c599b869b9f72258bd7,2020-03-06_21-20-26,1583526026,5.755406379699707,425.42608880996704,16975,home,10.183.96.137,425.42608880996704,0,71,1ddeaff4,"12_batch_size=64,data_preprocessing=high_pass,dim_hidden=6,lr=0.04536,stateful=True,use_lstm=True"
71,0.27717865,2.252227,0.84573746,0.65612835,False,,,72,8138601866f14c599b869b9f72258bd7,2020-03-06_21-20-31,1583526031,5.754746913909912,431.18083572387695,16975,home,10.183.96.137,431.18083572387695,0,72,1ddeaff4,"12_batch_size=64,data_preprocessing=high_pass,dim_hidden=6,lr=0.04536,stateful=True,use_lstm=True"
72,0.28038937,2.819203,0.83596057,0.58790195,False,,,73,8138601866f14c599b869b9f72258bd7,2020-03-06_21-20-37,1583526037,5.911445379257202,437.09228110313416,16975,home,10.183.96.137,437.09228110313416,0,73,1ddeaff4,"12_batch_size=64,data_preprocessing=high_pass,dim_hidden=6,lr=0.04536,stateful=True,use_lstm=True"
73,0.29383412,1.8447665,0.8339365,0.7056413,False,,,74,8138601866f14c599b869b9f72258bd7,2020-03-06_21-20-43,1583526043,5.929617404937744,443.0218985080719,16975,home,10.183.96.137,443.0218985080719,0,74,1ddeaff4,"12_batch_size=64,data_preprocessing=high_pass,dim_hidden=6,lr=0.04536,stateful=True,use_lstm=True"
74,0.24552813,2.0503018,0.8535231,0.6597906,False,,,75,8138601866f14c599b869b9f72258bd7,2020-03-06_21-20-52,1583526052,6.4603893756866455,449.48228788375854,16975,home,10.183.96.137,449.48228788375854,0,75,1ddeaff4,"12_batch_size=64,data_preprocessing=high_pass,dim_hidden=6,lr=0.04536,stateful=True,use_lstm=True"
75,0.28639582,2.2446365,0.8394456,0.6793336,False,,,76,8138601866f14c599b869b9f72258bd7,2020-03-06_21-20-58,1583526058,5.882928133010864,455.3652160167694,16975,home,10.183.96.137,455.3652160167694,0,76,1ddeaff4,"12_batch_size=64,data_preprocessing=high_pass,dim_hidden=6,lr=0.04536,stateful=True,use_lstm=True"
76,0.2770352,1.8336895,0.84119684,0.6918472,False,,,77,8138601866f14c599b869b9f72258bd7,2020-03-06_21-21-03,1583526063,5.521143674850464,460.8863596916199,16975,home,10.183.96.137,460.8863596916199,0,77,1ddeaff4,"12_batch_size=64,data_preprocessing=high_pass,dim_hidden=6,lr=0.04536,stateful=True,use_lstm=True"
77,0.26499754,2.264943,0.8495827,0.68086916,False,,,78,8138601866f14c599b869b9f72258bd7,2020-03-06_21-21-09,1583526069,5.604187726974487,466.49054741859436,16975,home,10.183.96.137,466.49054741859436,0,78,1ddeaff4,"12_batch_size=64,data_preprocessing=high_pass,dim_hidden=6,lr=0.04536,stateful=True,use_lstm=True"
78,0.2271893,3.028229,0.8625547,0.6315024,False,,,79,8138601866f14c599b869b9f72258bd7,2020-03-06_21-21-14,1583526074,5.505899906158447,471.9964473247528,16975,home,10.183.96.137,471.9964473247528,0,79,1ddeaff4,"12_batch_size=64,data_preprocessing=high_pass,dim_hidden=6,lr=0.04536,stateful=True,use_lstm=True"
79,0.35988307,1.8344347,0.8213491,0.6697287,False,,,80,8138601866f14c599b869b9f72258bd7,2020-03-06_21-21-20,1583526080,5.898472309112549,477.89491963386536,16975,home,10.183.96.137,477.89491963386536,0,80,1ddeaff4,"12_batch_size=64,data_preprocessing=high_pass,dim_hidden=6,lr=0.04536,stateful=True,use_lstm=True"
80,0.24906783,2.21903,0.8514905,0.6652829,False,,,81,8138601866f14c599b869b9f72258bd7,2020-03-06_21-21-29,1583526089,6.2226903438568115,484.11760997772217,16975,home,10.183.96.137,484.11760997772217,0,81,1ddeaff4,"12_batch_size=64,data_preprocessing=high_pass,dim_hidden=6,lr=0.04536,stateful=True,use_lstm=True"
81,0.22039272,2.2361028,0.8664592,0.6718011,False,,,82,8138601866f14c599b869b9f72258bd7,2020-03-06_21-21-35,1583526095,5.6809303760528564,489.798540353775,16975,home,10.183.96.137,489.798540353775,0,82,1ddeaff4,"12_batch_size=64,data_preprocessing=high_pass,dim_hidden=6,lr=0.04536,stateful=True,use_lstm=True"
82,0.3184425,2.1500478,0.82697594,0.6628777,False,,,83,8138601866f14c599b869b9f72258bd7,2020-03-06_21-21-40,1583526100,5.514604806900024,495.31314516067505,16975,home,10.183.96.137,495.31314516067505,0,83,1ddeaff4,"12_batch_size=64,data_preprocessing=high_pass,dim_hidden=6,lr=0.04536,stateful=True,use_lstm=True"
83,0.2294685,1.6241103,0.8603707,0.70823,False,,,84,8138601866f14c599b869b9f72258bd7,2020-03-06_21-21-46,1583526106,5.4269630908966064,500.74010825157166,16975,home,10.183.96.137,500.74010825157166,0,84,1ddeaff4,"12_batch_size=64,data_preprocessing=high_pass,dim_hidden=6,lr=0.04536,stateful=True,use_lstm=True"
84,0.32874823,1.6089963,0.8283321,0.64814234,False,,,85,8138601866f14c599b869b9f72258bd7,2020-03-06_21-21-51,1583526111,5.5526649951934814,506.29277324676514,16975,home,10.183.96.137,506.29277324676514,0,85,1ddeaff4,"12_batch_size=64,data_preprocessing=high_pass,dim_hidden=6,lr=0.04536,stateful=True,use_lstm=True"
85,0.23159012,1.9845396,0.86320144,0.63924015,False,,,86,8138601866f14c599b869b9f72258bd7,2020-03-06_21-21-57,1583526117,5.672897577285767,511.9656708240509,16975,home,10.183.96.137,511.9656708240509,0,86,1ddeaff4,"12_batch_size=64,data_preprocessing=high_pass,dim_hidden=6,lr=0.04536,stateful=True,use_lstm=True"
86,0.2362064,2.148414,0.85828084,0.6818049,False,,,87,8138601866f14c599b869b9f72258bd7,2020-03-06_21-22-02,1583526122,4.570144176483154,516.5358150005341,16975,home,10.183.96.137,516.5358150005341,0,87,1ddeaff4,"12_batch_size=64,data_preprocessing=high_pass,dim_hidden=6,lr=0.04536,stateful=True,use_lstm=True"
87,0.24201736,2.3439827,0.8533899,0.6418875,False,,,88,8138601866f14c599b869b9f72258bd7,2020-03-06_21-22-08,1583526128,6.385575294494629,522.9213902950287,16975,home,10.183.96.137,522.9213902950287,0,88,1ddeaff4,"12_batch_size=64,data_preprocessing=high_pass,dim_hidden=6,lr=0.04536,stateful=True,use_lstm=True"
88,0.2626176,2.0763345,0.8558289,0.6182514,False,,,89,8138601866f14c599b869b9f72258bd7,2020-03-06_21-22-13,1583526133,5.262359857559204,528.1837501525879,16975,home,10.183.96.137,528.1837501525879,0,89,1ddeaff4,"12_batch_size=64,data_preprocessing=high_pass,dim_hidden=6,lr=0.04536,stateful=True,use_lstm=True"
89,0.24884683,2.349011,0.856353,0.67478156,False,,,90,8138601866f14c599b869b9f72258bd7,2020-03-06_21-22-20,1583526140,6.25226092338562,534.4360110759735,16975,home,10.183.96.137,534.4360110759735,0,90,1ddeaff4,"12_batch_size=64,data_preprocessing=high_pass,dim_hidden=6,lr=0.04536,stateful=True,use_lstm=True"
90,0.3062009,2.2614682,0.8341347,0.6594509,False,,,91,8138601866f14c599b869b9f72258bd7,2020-03-06_21-22-25,1583526145,4.856902360916138,539.2929134368896,16975,home,10.183.96.137,539.2929134368896,0,91,1ddeaff4,"12_batch_size=64,data_preprocessing=high_pass,dim_hidden=6,lr=0.04536,stateful=True,use_lstm=True"
91,0.24007487,2.1447759,0.8580041,0.6806857,False,,,92,8138601866f14c599b869b9f72258bd7,2020-03-06_21-22-30,1583526150,5.459481954574585,544.7523953914642,16975,home,10.183.96.137,544.7523953914642,0,92,1ddeaff4,"12_batch_size=64,data_preprocessing=high_pass,dim_hidden=6,lr=0.04536,stateful=True,use_lstm=True"
92,0.21906084,2.5803132,0.86685205,0.6699869,False,,,93,8138601866f14c599b869b9f72258bd7,2020-03-06_21-22-36,1583526156,6.0290021896362305,550.7813975811005,16975,home,10.183.96.137,550.7813975811005,0,93,1ddeaff4,"12_batch_size=64,data_preprocessing=high_pass,dim_hidden=6,lr=0.04536,stateful=True,use_lstm=True"
93,0.38521728,2.134523,0.80302644,0.62170553,False,,,94,8138601866f14c599b869b9f72258bd7,2020-03-06_21-22-42,1583526162,5.616048336029053,556.3974459171295,16975,home,10.183.96.137,556.3974459171295,0,94,1ddeaff4,"12_batch_size=64,data_preprocessing=high_pass,dim_hidden=6,lr=0.04536,stateful=True,use_lstm=True"
94,0.24003816,2.0966687,0.857242,0.6803506,False,,,95,8138601866f14c599b869b9f72258bd7,2020-03-06_21-22-48,1583526168,5.862637996673584,562.2600839138031,16975,home,10.183.96.137,562.2600839138031,0,95,1ddeaff4,"12_batch_size=64,data_preprocessing=high_pass,dim_hidden=6,lr=0.04536,stateful=True,use_lstm=True"
95,0.21553998,2.4995186,0.86647224,0.66610044,False,,,96,8138601866f14c599b869b9f72258bd7,2020-03-06_21-22-53,1583526173,5.910992383956909,568.17107629776,16975,home,10.183.96.137,568.17107629776,0,96,1ddeaff4,"12_batch_size=64,data_preprocessing=high_pass,dim_hidden=6,lr=0.04536,stateful=True,use_lstm=True"
96,0.21648903,2.7392595,0.8719621,0.6606626,False,,,97,8138601866f14c599b869b9f72258bd7,2020-03-06_21-22-59,1583526179,5.868740081787109,574.0398163795471,16975,home,10.183.96.137,574.0398163795471,0,97,1ddeaff4,"12_batch_size=64,data_preprocessing=high_pass,dim_hidden=6,lr=0.04536,stateful=True,use_lstm=True"
97,0.22027932,2.4848638,0.8625653,0.65699804,False,,,98,8138601866f14c599b869b9f72258bd7,2020-03-06_21-23-05,1583526185,6.10486912727356,580.1446855068207,16975,home,10.183.96.137,580.1446855068207,0,98,1ddeaff4,"12_batch_size=64,data_preprocessing=high_pass,dim_hidden=6,lr=0.04536,stateful=True,use_lstm=True"
98,0.22381027,2.1997726,0.8627573,0.6672238,False,,,99,8138601866f14c599b869b9f72258bd7,2020-03-06_21-23-11,1583526191,5.812340259552002,585.9570257663727,16975,home,10.183.96.137,585.9570257663727,0,99,1ddeaff4,"12_batch_size=64,data_preprocessing=high_pass,dim_hidden=6,lr=0.04536,stateful=True,use_lstm=True"
99,0.2097892,2.287728,0.87237203,0.6853988,False,,,100,8138601866f14c599b869b9f72258bd7,2020-03-06_21-23-17,1583526197,5.220940113067627,591.1779658794403,16975,home,10.183.96.137,591.1779658794403,0,100,1ddeaff4,"12_batch_size=64,data_preprocessing=high_pass,dim_hidden=6,lr=0.04536,stateful=True,use_lstm=True"
100,0.19389139,2.3492687,0.87723875,0.65975213,False,,,101,8138601866f14c599b869b9f72258bd7,2020-03-06_21-23-25,1583526205,5.220019340515137,596.3979852199554,16975,home,10.183.96.137,596.3979852199554,0,101,1ddeaff4,"12_batch_size=64,data_preprocessing=high_pass,dim_hidden=6,lr=0.04536,stateful=True,use_lstm=True"
101,0.21259382,2.2125504,0.867281,0.68166685,False,,,102,8138601866f14c599b869b9f72258bd7,2020-03-06_21-23-30,1583526210,5.813880443572998,602.2118656635284,16975,home,10.183.96.137,602.2118656635284,0,102,1ddeaff4,"12_batch_size=64,data_preprocessing=high_pass,dim_hidden=6,lr=0.04536,stateful=True,use_lstm=True"
102,0.23525514,1.9995207,0.857522,0.6810844,False,,,103,8138601866f14c599b869b9f72258bd7,2020-03-06_21-23-36,1583526216,6.0031445026397705,608.2150101661682,16975,home,10.183.96.137,608.2150101661682,0,103,1ddeaff4,"12_batch_size=64,data_preprocessing=high_pass,dim_hidden=6,lr=0.04536,stateful=True,use_lstm=True"
103,0.24325888,1.9781758,0.8546147,0.67066854,False,,,104,8138601866f14c599b869b9f72258bd7,2020-03-06_21-23-42,1583526222,5.841660499572754,614.056670665741,16975,home,10.183.96.137,614.056670665741,0,104,1ddeaff4,"12_batch_size=64,data_preprocessing=high_pass,dim_hidden=6,lr=0.04536,stateful=True,use_lstm=True"
104,0.20384027,2.3234484,0.8724299,0.6700526,False,,,105,8138601866f14c599b869b9f72258bd7,2020-03-06_21-23-48,1583526228,5.393115282058716,619.4497859477997,16975,home,10.183.96.137,619.4497859477997,0,105,1ddeaff4,"12_batch_size=64,data_preprocessing=high_pass,dim_hidden=6,lr=0.04536,stateful=True,use_lstm=True"
105,0.2154778,2.4312193,0.86582935,0.67421746,False,,,106,8138601866f14c599b869b9f72258bd7,2020-03-06_21-23-53,1583526233,5.608291387557983,625.0580773353577,16975,home,10.183.96.137,625.0580773353577,0,106,1ddeaff4,"12_batch_size=64,data_preprocessing=high_pass,dim_hidden=6,lr=0.04536,stateful=True,use_lstm=True"
106,0.1992269,2.5263076,0.8725832,0.65023303,False,,,107,8138601866f14c599b869b9f72258bd7,2020-03-06_21-23-59,1583526239,5.418661832809448,630.4767391681671,16975,home,10.183.96.137,630.4767391681671,0,107,1ddeaff4,"12_batch_size=64,data_preprocessing=high_pass,dim_hidden=6,lr=0.04536,stateful=True,use_lstm=True"
107,0.1926915,2.5499551,0.8758807,0.67527753,False,,,108,8138601866f14c599b869b9f72258bd7,2020-03-06_21-24-04,1583526244,5.669708728790283,636.1464478969574,16975,home,10.183.96.137,636.1464478969574,0,108,1ddeaff4,"12_batch_size=64,data_preprocessing=high_pass,dim_hidden=6,lr=0.04536,stateful=True,use_lstm=True"
108,0.70822114,1.4101052,0.7440148,0.4952914,False,,,109,8138601866f14c599b869b9f72258bd7,2020-03-06_21-24-10,1583526250,5.45807409286499,641.6045219898224,16975,home,10.183.96.137,641.6045219898224,0,109,1ddeaff4,"12_batch_size=64,data_preprocessing=high_pass,dim_hidden=6,lr=0.04536,stateful=True,use_lstm=True"
109,0.79606766,1.803193,0.6085526,0.47531918,False,,,110,8138601866f14c599b869b9f72258bd7,2020-03-06_21-24-15,1583526255,5.344622373580933,646.9491443634033,16975,home,10.183.96.137,646.9491443634033,0,110,1ddeaff4,"12_batch_size=64,data_preprocessing=high_pass,dim_hidden=6,lr=0.04536,stateful=True,use_lstm=True"
110,0.73756707,1.4446086,0.6531501,0.519928,False,,,111,8138601866f14c599b869b9f72258bd7,2020-03-06_21-24-21,1583526261,5.57968544960022,652.5288298130035,16975,home,10.183.96.137,652.5288298130035,0,111,1ddeaff4,"12_batch_size=64,data_preprocessing=high_pass,dim_hidden=6,lr=0.04536,stateful=True,use_lstm=True"
111,0.6356975,1.5187078,0.6915347,0.50384575,False,,,112,8138601866f14c599b869b9f72258bd7,2020-03-06_21-24-26,1583526266,5.5769336223602295,658.1057634353638,16975,home,10.183.96.137,658.1057634353638,0,112,1ddeaff4,"12_batch_size=64,data_preprocessing=high_pass,dim_hidden=6,lr=0.04536,stateful=True,use_lstm=True"
112,0.58269995,1.7374295,0.7206818,0.53603166,False,,,113,8138601866f14c599b869b9f72258bd7,2020-03-06_21-24-34,1583526274,6.450918912887573,664.5566823482513,16975,home,10.183.96.137,664.5566823482513,0,113,1ddeaff4,"12_batch_size=64,data_preprocessing=high_pass,dim_hidden=6,lr=0.04536,stateful=True,use_lstm=True"
113,0.5316359,2.14188,0.7243603,0.54301286,False,,,114,8138601866f14c599b869b9f72258bd7,2020-03-06_21-24-39,1583526279,5.22890043258667,669.785582780838,16975,home,10.183.96.137,669.785582780838,0,114,1ddeaff4,"12_batch_size=64,data_preprocessing=high_pass,dim_hidden=6,lr=0.04536,stateful=True,use_lstm=True"
114,0.50172085,2.3346982,0.7551904,0.554134,False,,,115,8138601866f14c599b869b9f72258bd7,2020-03-06_21-24-45,1583526285,5.871784687042236,675.6573674678802,16975,home,10.183.96.137,675.6573674678802,0,115,1ddeaff4,"12_batch_size=64,data_preprocessing=high_pass,dim_hidden=6,lr=0.04536,stateful=True,use_lstm=True"
115,0.48234475,3.0075178,0.76746005,0.51949996,False,,,116,8138601866f14c599b869b9f72258bd7,2020-03-06_21-24-50,1583526290,4.682402849197388,680.3397703170776,16975,home,10.183.96.137,680.3397703170776,0,116,1ddeaff4,"12_batch_size=64,data_preprocessing=high_pass,dim_hidden=6,lr=0.04536,stateful=True,use_lstm=True"
116,0.4814086,3.3335817,0.7654706,0.5308402,False,,,117,8138601866f14c599b869b9f72258bd7,2020-03-06_21-24-59,1583526299,5.481001138687134,685.8207714557648,16975,home,10.183.96.137,685.8207714557648,0,117,1ddeaff4,"12_batch_size=64,data_preprocessing=high_pass,dim_hidden=6,lr=0.04536,stateful=True,use_lstm=True"
117,0.69079036,2.2519314,0.7227713,0.54652804,False,,,118,8138601866f14c599b869b9f72258bd7,2020-03-06_21-25-05,1583526305,5.224719047546387,691.0454905033112,16975,home,10.183.96.137,691.0454905033112,0,118,1ddeaff4,"12_batch_size=64,data_preprocessing=high_pass,dim_hidden=6,lr=0.04536,stateful=True,use_lstm=True"
118,0.57632303,2.3540037,0.7192775,0.5525343,False,,,119,8138601866f14c599b869b9f72258bd7,2020-03-06_21-25-10,1583526310,5.08455491065979,696.130045413971,16975,home,10.183.96.137,696.130045413971,0,119,1ddeaff4,"12_batch_size=64,data_preprocessing=high_pass,dim_hidden=6,lr=0.04536,stateful=True,use_lstm=True"
119,0.4900237,2.4028456,0.73496693,0.56923,False,,,120,8138601866f14c599b869b9f72258bd7,2020-03-06_21-25-15,1583526315,5.620420217514038,701.750465631485,16975,home,10.183.96.137,701.750465631485,0,120,1ddeaff4,"12_batch_size=64,data_preprocessing=high_pass,dim_hidden=6,lr=0.04536,stateful=True,use_lstm=True"
120,0.47014412,2.379224,0.75027734,0.57904035,False,,,121,8138601866f14c599b869b9f72258bd7,2020-03-06_21-25-24,1583526324,6.163967847824097,707.9144334793091,16975,home,10.183.96.137,707.9144334793091,0,121,1ddeaff4,"12_batch_size=64,data_preprocessing=high_pass,dim_hidden=6,lr=0.04536,stateful=True,use_lstm=True"
121,0.4764595,2.3106616,0.7423672,0.55395436,False,,,122,8138601866f14c599b869b9f72258bd7,2020-03-06_21-25-30,1583526330,5.663140773773193,713.5775742530823,16975,home,10.183.96.137,713.5775742530823,0,122,1ddeaff4,"12_batch_size=64,data_preprocessing=high_pass,dim_hidden=6,lr=0.04536,stateful=True,use_lstm=True"
122,0.45989525,2.2837968,0.7513451,0.54755837,False,,,123,8138601866f14c599b869b9f72258bd7,2020-03-06_21-25-35,1583526335,5.731112718582153,719.3086869716644,16975,home,10.183.96.137,719.3086869716644,0,123,1ddeaff4,"12_batch_size=64,data_preprocessing=high_pass,dim_hidden=6,lr=0.04536,stateful=True,use_lstm=True"
123,0.439577,2.2349136,0.75602233,0.5720352,False,,,124,8138601866f14c599b869b9f72258bd7,2020-03-06_21-25-41,1583526341,5.696187734603882,725.0048747062683,16975,home,10.183.96.137,725.0048747062683,0,124,1ddeaff4,"12_batch_size=64,data_preprocessing=high_pass,dim_hidden=6,lr=0.04536,stateful=True,use_lstm=True"
124,0.42781702,2.6617377,0.76335156,0.5303514,False,,,125,8138601866f14c599b869b9f72258bd7,2020-03-06_21-25-47,1583526347,5.47086763381958,730.4757423400879,16975,home,10.183.96.137,730.4757423400879,0,125,1ddeaff4,"12_batch_size=64,data_preprocessing=high_pass,dim_hidden=6,lr=0.04536,stateful=True,use_lstm=True"
125,0.42202842,2.6111937,0.7556641,0.53782547,False,,,126,8138601866f14c599b869b9f72258bd7,2020-03-06_21-25-52,1583526352,5.60931921005249,736.0850615501404,16975,home,10.183.96.137,736.0850615501404,0,126,1ddeaff4,"12_batch_size=64,data_preprocessing=high_pass,dim_hidden=6,lr=0.04536,stateful=True,use_lstm=True"
126,0.4029717,2.6636698,0.7735493,0.5415965,False,,,127,8138601866f14c599b869b9f72258bd7,2020-03-06_21-25-57,1583526357,4.813997745513916,740.8990592956543,16975,home,10.183.96.137,740.8990592956543,0,127,1ddeaff4,"12_batch_size=64,data_preprocessing=high_pass,dim_hidden=6,lr=0.04536,stateful=True,use_lstm=True"
127,0.40328878,3.3373868,0.771399,0.53760755,False,,,128,8138601866f14c599b869b9f72258bd7,2020-03-06_21-26-02,1583526362,5.242324352264404,746.1413836479187,16975,home,10.183.96.137,746.1413836479187,0,128,1ddeaff4,"12_batch_size=64,data_preprocessing=high_pass,dim_hidden=6,lr=0.04536,stateful=True,use_lstm=True"
128,0.39089662,2.820652,0.7805934,0.53311,False,,,129,8138601866f14c599b869b9f72258bd7,2020-03-06_21-26-08,1583526368,5.98078989982605,752.1221735477448,16975,home,10.183.96.137,752.1221735477448,0,129,1ddeaff4,"12_batch_size=64,data_preprocessing=high_pass,dim_hidden=6,lr=0.04536,stateful=True,use_lstm=True"
129,0.3582691,2.5499072,0.7954598,0.5701396,False,,,130,8138601866f14c599b869b9f72258bd7,2020-03-06_21-26-14,1583526374,5.337924480438232,757.460098028183,16975,home,10.183.96.137,757.460098028183,0,130,1ddeaff4,"12_batch_size=64,data_preprocessing=high_pass,dim_hidden=6,lr=0.04536,stateful=True,use_lstm=True"
130,0.35627636,2.9271433,0.7987737,0.58728486,False,,,131,8138601866f14c599b869b9f72258bd7,2020-03-06_21-26-19,1583526379,5.787116765975952,763.2472147941589,16975,home,10.183.96.137,763.2472147941589,0,131,1ddeaff4,"12_batch_size=64,data_preprocessing=high_pass,dim_hidden=6,lr=0.04536,stateful=True,use_lstm=True"
131,0.39598525,2.563967,0.7905039,0.59804183,False,,,132,8138601866f14c599b869b9f72258bd7,2020-03-06_21-26-24,1583526384,5.070906162261963,768.3181209564209,16975,home,10.183.96.137,768.3181209564209,0,132,1ddeaff4,"12_batch_size=64,data_preprocessing=high_pass,dim_hidden=6,lr=0.04536,stateful=True,use_lstm=True"
132,0.3500622,2.6691024,0.80043846,0.60679173,False,,,133,8138601866f14c599b869b9f72258bd7,2020-03-06_21-26-30,1583526390,5.9808189868927,774.2989399433136,16975,home,10.183.96.137,774.2989399433136,0,133,1ddeaff4,"12_batch_size=64,data_preprocessing=high_pass,dim_hidden=6,lr=0.04536,stateful=True,use_lstm=True"
133,0.40755665,3.3052084,0.79900295,0.44638163,False,,,134,8138601866f14c599b869b9f72258bd7,2020-03-06_21-26-36,1583526396,5.7463274002075195,780.0452673435211,16975,home,10.183.96.137,780.0452673435211,0,134,1ddeaff4,"12_batch_size=64,data_preprocessing=high_pass,dim_hidden=6,lr=0.04536,stateful=True,use_lstm=True"
134,4.433964,3.5800173,0.32401192,0.15301304,False,,,135,8138601866f14c599b869b9f72258bd7,2020-03-06_21-26-42,1583526402,5.438259124755859,785.483526468277,16975,home,10.183.96.137,785.483526468277,0,135,1ddeaff4,"12_batch_size=64,data_preprocessing=high_pass,dim_hidden=6,lr=0.04536,stateful=True,use_lstm=True"
135,2.3891327,2.0176327,0.32388225,0.2673307,False,,,136,8138601866f14c599b869b9f72258bd7,2020-03-06_21-26-47,1583526407,5.2207207679748535,790.7042472362518,16975,home,10.183.96.137,790.7042472362518,0,136,1ddeaff4,"12_batch_size=64,data_preprocessing=high_pass,dim_hidden=6,lr=0.04536,stateful=True,use_lstm=True"
136,1.6532688,1.7371497,0.36597142,0.36610523,False,,,137,8138601866f14c599b869b9f72258bd7,2020-03-06_21-26-53,1583526413,5.854926109313965,796.5591733455658,16975,home,10.183.96.137,796.5591733455658,0,137,1ddeaff4,"12_batch_size=64,data_preprocessing=high_pass,dim_hidden=6,lr=0.04536,stateful=True,use_lstm=True"
137,1.4906844,1.5613965,0.41465023,0.4111404,False,,,138,8138601866f14c599b869b9f72258bd7,2020-03-06_21-26-58,1583526418,5.391939401626587,801.9511127471924,16975,home,10.183.96.137,801.9511127471924,0,138,1ddeaff4,"12_batch_size=64,data_preprocessing=high_pass,dim_hidden=6,lr=0.04536,stateful=True,use_lstm=True"
138,1.4067764,1.4932703,0.4371449,0.4127519,False,,,139,8138601866f14c599b869b9f72258bd7,2020-03-06_21-27-04,1583526424,5.881225109100342,807.8323378562927,16975,home,10.183.96.137,807.8323378562927,0,139,1ddeaff4,"12_batch_size=64,data_preprocessing=high_pass,dim_hidden=6,lr=0.04536,stateful=True,use_lstm=True"
139,1.3275154,1.466392,0.44844115,0.41449013,False,,,140,8138601866f14c599b869b9f72258bd7,2020-03-06_21-27-09,1583526429,5.298110723495483,813.1304485797882,16975,home,10.183.96.137,813.1304485797882,0,140,1ddeaff4,"12_batch_size=64,data_preprocessing=high_pass,dim_hidden=6,lr=0.04536,stateful=True,use_lstm=True"
140,1.2775923,1.3947343,0.44427705,0.43151444,False,,,141,8138601866f14c599b869b9f72258bd7,2020-03-06_21-27-21,1583526441,6.004342794418335,819.1347913742065,16975,home,10.183.96.137,819.1347913742065,0,141,1ddeaff4,"12_batch_size=64,data_preprocessing=high_pass,dim_hidden=6,lr=0.04536,stateful=True,use_lstm=True"
141,1.2353882,1.3718326,0.46852547,0.4250936,False,,,142,8138601866f14c599b869b9f72258bd7,2020-03-06_21-27-27,1583526447,5.59546422958374,824.7302556037903,16975,home,10.183.96.137,824.7302556037903,0,142,1ddeaff4,"12_batch_size=64,data_preprocessing=high_pass,dim_hidden=6,lr=0.04536,stateful=True,use_lstm=True"
142,1.205374,1.344171,0.48240653,0.42512178,False,,,143,8138601866f14c599b869b9f72258bd7,2020-03-06_21-27-33,1583526453,5.866204023361206,830.5964596271515,16975,home,10.183.96.137,830.5964596271515,0,143,1ddeaff4,"12_batch_size=64,data_preprocessing=high_pass,dim_hidden=6,lr=0.04536,stateful=True,use_lstm=True"
143,1.1782112,1.3024752,0.48898166,0.4327413,False,,,144,8138601866f14c599b869b9f72258bd7,2020-03-06_21-27-38,1583526458,5.701993227005005,836.2984528541565,16975,home,10.183.96.137,836.2984528541565,0,144,1ddeaff4,"12_batch_size=64,data_preprocessing=high_pass,dim_hidden=6,lr=0.04536,stateful=True,use_lstm=True"
144,1.1527143,1.3134364,0.49753693,0.43388662,False,,,145,8138601866f14c599b869b9f72258bd7,2020-03-06_21-27-43,1583526463,5.176732540130615,841.4751853942871,16975,home,10.183.96.137,841.4751853942871,0,145,1ddeaff4,"12_batch_size=64,data_preprocessing=high_pass,dim_hidden=6,lr=0.04536,stateful=True,use_lstm=True"
145,1.1374254,1.2765024,0.5016632,0.4300206,False,,,146,8138601866f14c599b869b9f72258bd7,2020-03-06_21-27-50,1583526470,6.0534987449646,847.5286841392517,16975,home,10.183.96.137,847.5286841392517,0,146,1ddeaff4,"12_batch_size=64,data_preprocessing=high_pass,dim_hidden=6,lr=0.04536,stateful=True,use_lstm=True"
146,1.1058404,1.2517378,0.51177996,0.45868325,False,,,147,8138601866f14c599b869b9f72258bd7,2020-03-06_21-27-56,1583526476,5.691333770751953,853.2200179100037,16975,home,10.183.96.137,853.2200179100037,0,147,1ddeaff4,"12_batch_size=64,data_preprocessing=high_pass,dim_hidden=6,lr=0.04536,stateful=True,use_lstm=True"
147,1.0673168,1.3467988,0.5193774,0.4345321,False,,,148,8138601866f14c599b869b9f72258bd7,2020-03-06_21-28-02,1583526482,5.741766929626465,858.9617848396301,16975,home,10.183.96.137,858.9617848396301,0,148,1ddeaff4,"12_batch_size=64,data_preprocessing=high_pass,dim_hidden=6,lr=0.04536,stateful=True,use_lstm=True"
148,1.0689335,1.2488455,0.52672493,0.46394575,False,,,149,8138601866f14c599b869b9f72258bd7,2020-03-06_21-28-07,1583526487,5.5154173374176025,864.4772021770477,16975,home,10.183.96.137,864.4772021770477,0,149,1ddeaff4,"12_batch_size=64,data_preprocessing=high_pass,dim_hidden=6,lr=0.04536,stateful=True,use_lstm=True"
149,1.0437498,1.2379405,0.5369706,0.4660067,False,,,150,8138601866f14c599b869b9f72258bd7,2020-03-06_21-28-13,1583526493,5.357118129730225,869.834320306778,16975,home,10.183.96.137,869.834320306778,0,150,1ddeaff4,"12_batch_size=64,data_preprocessing=high_pass,dim_hidden=6,lr=0.04536,stateful=True,use_lstm=True"
150,1.0122617,1.2333559,0.5509724,0.48462427,False,,,151,8138601866f14c599b869b9f72258bd7,2020-03-06_21-28-18,1583526498,5.563750982284546,875.3980712890625,16975,home,10.183.96.137,875.3980712890625,0,151,1ddeaff4,"12_batch_size=64,data_preprocessing=high_pass,dim_hidden=6,lr=0.04536,stateful=True,use_lstm=True"
151,0.98781806,1.2367206,0.56532085,0.4705295,False,,,152,8138601866f14c599b869b9f72258bd7,2020-03-06_21-28-23,1583526503,5.259325742721558,880.6573970317841,16975,home,10.183.96.137,880.6573970317841,0,152,1ddeaff4,"12_batch_size=64,data_preprocessing=high_pass,dim_hidden=6,lr=0.04536,stateful=True,use_lstm=True"
152,0.9571294,1.1691419,0.55774355,0.47841743,False,,,153,8138601866f14c599b869b9f72258bd7,2020-03-06_21-28-28,1583526508,4.899233818054199,885.5566308498383,16975,home,10.183.96.137,885.5566308498383,0,153,1ddeaff4,"12_batch_size=64,data_preprocessing=high_pass,dim_hidden=6,lr=0.04536,stateful=True,use_lstm=True"
153,0.95009077,1.2252812,0.57180464,0.49063706,False,,,154,8138601866f14c599b869b9f72258bd7,2020-03-06_21-28-34,1583526514,5.249153137207031,890.8057839870453,16975,home,10.183.96.137,890.8057839870453,0,154,1ddeaff4,"12_batch_size=64,data_preprocessing=high_pass,dim_hidden=6,lr=0.04536,stateful=True,use_lstm=True"
154,0.9388002,1.307479,0.57338446,0.44950944,False,,,155,8138601866f14c599b869b9f72258bd7,2020-03-06_21-28-39,1583526519,5.807252407073975,896.6130363941193,16975,home,10.183.96.137,896.6130363941193,0,155,1ddeaff4,"12_batch_size=64,data_preprocessing=high_pass,dim_hidden=6,lr=0.04536,stateful=True,use_lstm=True"
155,0.92765474,1.1934973,0.5802404,0.4860443,False,,,156,8138601866f14c599b869b9f72258bd7,2020-03-06_21-28-47,1583526527,6.105812311172485,902.7188487052917,16975,home,10.183.96.137,902.7188487052917,0,156,1ddeaff4,"12_batch_size=64,data_preprocessing=high_pass,dim_hidden=6,lr=0.04536,stateful=True,use_lstm=True"
156,0.88813055,1.4110585,0.600784,0.46190694,False,,,157,8138601866f14c599b869b9f72258bd7,2020-03-06_21-28-53,1583526533,5.577809810638428,908.2966585159302,16975,home,10.183.96.137,908.2966585159302,0,157,1ddeaff4,"12_batch_size=64,data_preprocessing=high_pass,dim_hidden=6,lr=0.04536,stateful=True,use_lstm=True"
157,0.87718666,1.2232953,0.6016421,0.48297673,False,,,158,8138601866f14c599b869b9f72258bd7,2020-03-06_21-28-59,1583526539,5.942367315292358,914.2390258312225,16975,home,10.183.96.137,914.2390258312225,0,158,1ddeaff4,"12_batch_size=64,data_preprocessing=high_pass,dim_hidden=6,lr=0.04536,stateful=True,use_lstm=True"
158,0.854653,1.186131,0.60962737,0.5051739,False,,,159,8138601866f14c599b869b9f72258bd7,2020-03-06_21-29-04,1583526544,5.317784786224365,919.5568106174469,16975,home,10.183.96.137,919.5568106174469,0,159,1ddeaff4,"12_batch_size=64,data_preprocessing=high_pass,dim_hidden=6,lr=0.04536,stateful=True,use_lstm=True"
159,0.848121,1.3586468,0.6117026,0.4798853,False,,,160,8138601866f14c599b869b9f72258bd7,2020-03-06_21-29-10,1583526550,5.479163408279419,925.0359740257263,16975,home,10.183.96.137,925.0359740257263,0,160,1ddeaff4,"12_batch_size=64,data_preprocessing=high_pass,dim_hidden=6,lr=0.04536,stateful=True,use_lstm=True"
160,0.8333862,1.2517278,0.61641884,0.50982124,False,,,161,8138601866f14c599b869b9f72258bd7,2020-03-06_21-29-18,1583526558,6.2265942096710205,931.2625682353973,16975,home,10.183.96.137,931.2625682353973,0,161,1ddeaff4,"12_batch_size=64,data_preprocessing=high_pass,dim_hidden=6,lr=0.04536,stateful=True,use_lstm=True"
161,0.8168756,1.3557353,0.6245089,0.49924242,False,,,162,8138601866f14c599b869b9f72258bd7,2020-03-06_21-29-24,1583526564,5.823632717132568,937.0862009525299,16975,home,10.183.96.137,937.0862009525299,0,162,1ddeaff4,"12_batch_size=64,data_preprocessing=high_pass,dim_hidden=6,lr=0.04536,stateful=True,use_lstm=True"
162,0.7992757,1.4651769,0.6309733,0.5006285,False,,,163,8138601866f14c599b869b9f72258bd7,2020-03-06_21-29-30,1583526570,5.3807373046875,942.4669382572174,16975,home,10.183.96.137,942.4669382572174,0,163,1ddeaff4,"12_batch_size=64,data_preprocessing=high_pass,dim_hidden=6,lr=0.04536,stateful=True,use_lstm=True"
163,0.7899456,1.3319123,0.628035,0.5506258,False,,,164,8138601866f14c599b869b9f72258bd7,2020-03-06_21-29-35,1583526575,5.5780580043792725,948.0449962615967,16975,home,10.183.96.137,948.0449962615967,0,164,1ddeaff4,"12_batch_size=64,data_preprocessing=high_pass,dim_hidden=6,lr=0.04536,stateful=True,use_lstm=True"
164,0.7968094,1.3495582,0.63022476,0.50791895,False,,,165,8138601866f14c599b869b9f72258bd7,2020-03-06_21-29-41,1583526581,5.488077402114868,953.5330736637115,16975,home,10.183.96.137,953.5330736637115,0,165,1ddeaff4,"12_batch_size=64,data_preprocessing=high_pass,dim_hidden=6,lr=0.04536,stateful=True,use_lstm=True"
165,0.76929027,1.4152179,0.6386515,0.49015132,False,,,166,8138601866f14c599b869b9f72258bd7,2020-03-06_21-29-45,1583526585,4.805201530456543,958.3382751941681,16975,home,10.183.96.137,958.3382751941681,0,166,1ddeaff4,"12_batch_size=64,data_preprocessing=high_pass,dim_hidden=6,lr=0.04536,stateful=True,use_lstm=True"
166,0.7613939,1.2262138,0.6490073,0.5461044,False,,,167,8138601866f14c599b869b9f72258bd7,2020-03-06_21-29-51,1583526591,5.221710205078125,963.5599853992462,16975,home,10.183.96.137,963.5599853992462,0,167,1ddeaff4,"12_batch_size=64,data_preprocessing=high_pass,dim_hidden=6,lr=0.04536,stateful=True,use_lstm=True"
167,0.78607845,1.2658426,0.637357,0.5380288,False,,,168,8138601866f14c599b869b9f72258bd7,2020-03-06_21-29-57,1583526597,5.898576498031616,969.4585618972778,16975,home,10.183.96.137,969.4585618972778,0,168,1ddeaff4,"12_batch_size=64,data_preprocessing=high_pass,dim_hidden=6,lr=0.04536,stateful=True,use_lstm=True"
168,0.75135064,1.4554981,0.6571734,0.5171189,False,,,169,8138601866f14c599b869b9f72258bd7,2020-03-06_21-30-02,1583526602,5.47605562210083,974.9346175193787,16975,home,10.183.96.137,974.9346175193787,0,169,1ddeaff4,"12_batch_size=64,data_preprocessing=high_pass,dim_hidden=6,lr=0.04536,stateful=True,use_lstm=True"
169,0.74715126,1.2900479,0.6575401,0.5526369,False,,,170,8138601866f14c599b869b9f72258bd7,2020-03-06_21-30-08,1583526608,5.9898388385772705,980.9244563579559,16975,home,10.183.96.137,980.9244563579559,0,170,1ddeaff4,"12_batch_size=64,data_preprocessing=high_pass,dim_hidden=6,lr=0.04536,stateful=True,use_lstm=True"
170,0.73666126,1.2827688,0.6639165,0.5486727,False,,,171,8138601866f14c599b869b9f72258bd7,2020-03-06_21-30-14,1583526614,5.430122137069702,986.3545784950256,16975,home,10.183.96.137,986.3545784950256,0,171,1ddeaff4,"12_batch_size=64,data_preprocessing=high_pass,dim_hidden=6,lr=0.04536,stateful=True,use_lstm=True"
171,0.721282,1.3126596,0.6695985,0.5565038,False,,,172,8138601866f14c599b869b9f72258bd7,2020-03-06_21-30-19,1583526619,5.827112436294556,992.1816909313202,16975,home,10.183.96.137,992.1816909313202,0,172,1ddeaff4,"12_batch_size=64,data_preprocessing=high_pass,dim_hidden=6,lr=0.04536,stateful=True,use_lstm=True"
172,0.725414,1.2630757,0.6712227,0.57326114,False,,,173,8138601866f14c599b869b9f72258bd7,2020-03-06_21-30-25,1583526625,5.451469659805298,997.6331605911255,16975,home,10.183.96.137,997.6331605911255,0,173,1ddeaff4,"12_batch_size=64,data_preprocessing=high_pass,dim_hidden=6,lr=0.04536,stateful=True,use_lstm=True"
173,0.71824086,1.3263068,0.6694387,0.5915138,False,,,174,8138601866f14c599b869b9f72258bd7,2020-03-06_21-30-30,1583526630,5.672555685043335,1003.3057162761688,16975,home,10.183.96.137,1003.3057162761688,0,174,1ddeaff4,"12_batch_size=64,data_preprocessing=high_pass,dim_hidden=6,lr=0.04536,stateful=True,use_lstm=True"
174,0.7047294,1.3520495,0.68029106,0.60164016,False,,,175,8138601866f14c599b869b9f72258bd7,2020-03-06_21-30-36,1583526636,5.630031585693359,1008.9357478618622,16975,home,10.183.96.137,1008.9357478618622,0,175,1ddeaff4,"12_batch_size=64,data_preprocessing=high_pass,dim_hidden=6,lr=0.04536,stateful=True,use_lstm=True"
175,0.695853,1.3688011,0.68270814,0.57615846,False,,,176,8138601866f14c599b869b9f72258bd7,2020-03-06_21-30-42,1583526642,5.4362592697143555,1014.3720071315765,16975,home,10.183.96.137,1014.3720071315765,0,176,1ddeaff4,"12_batch_size=64,data_preprocessing=high_pass,dim_hidden=6,lr=0.04536,stateful=True,use_lstm=True"
176,0.69499433,1.4719675,0.6835839,0.5569884,False,,,177,8138601866f14c599b869b9f72258bd7,2020-03-06_21-30-47,1583526647,5.60567831993103,1019.9776854515076,16975,home,10.183.96.137,1019.9776854515076,0,177,1ddeaff4,"12_batch_size=64,data_preprocessing=high_pass,dim_hidden=6,lr=0.04536,stateful=True,use_lstm=True"
177,0.7091224,1.9541876,0.68436265,0.51689136,False,,,178,8138601866f14c599b869b9f72258bd7,2020-03-06_21-30-53,1583526653,5.457824945449829,1025.4355103969574,16975,home,10.183.96.137,1025.4355103969574,0,178,1ddeaff4,"12_batch_size=64,data_preprocessing=high_pass,dim_hidden=6,lr=0.04536,stateful=True,use_lstm=True"
178,0.77578264,1.3648696,0.66091156,0.5591265,False,,,179,8138601866f14c599b869b9f72258bd7,2020-03-06_21-30-58,1583526658,5.472324371337891,1030.9078347682953,16975,home,10.183.96.137,1030.9078347682953,0,179,1ddeaff4,"12_batch_size=64,data_preprocessing=high_pass,dim_hidden=6,lr=0.04536,stateful=True,use_lstm=True"
179,0.68633354,1.3907228,0.6883714,0.56944066,False,,,180,8138601866f14c599b869b9f72258bd7,2020-03-06_21-31-06,1583526666,6.174023389816284,1037.0818581581116,16975,home,10.183.96.137,1037.0818581581116,0,180,1ddeaff4,"12_batch_size=64,data_preprocessing=high_pass,dim_hidden=6,lr=0.04536,stateful=True,use_lstm=True"
180,0.6809004,1.3876628,0.6921838,0.5684167,False,,,181,8138601866f14c599b869b9f72258bd7,2020-03-06_21-31-14,1583526674,6.026742935180664,1043.1086010932922,16975,home,10.183.96.137,1043.1086010932922,0,181,1ddeaff4,"12_batch_size=64,data_preprocessing=high_pass,dim_hidden=6,lr=0.04536,stateful=True,use_lstm=True"
181,0.69215304,1.3036003,0.68418664,0.5989265,False,,,182,8138601866f14c599b869b9f72258bd7,2020-03-06_21-31-20,1583526680,5.586915493011475,1048.6955165863037,16975,home,10.183.96.137,1048.6955165863037,0,182,1ddeaff4,"12_batch_size=64,data_preprocessing=high_pass,dim_hidden=6,lr=0.04536,stateful=True,use_lstm=True"
182,0.6676351,1.2525203,0.69894445,0.5994048,False,,,183,8138601866f14c599b869b9f72258bd7,2020-03-06_21-31-26,1583526686,5.939971923828125,1054.6354885101318,16975,home,10.183.96.137,1054.6354885101318,0,183,1ddeaff4,"12_batch_size=64,data_preprocessing=high_pass,dim_hidden=6,lr=0.04536,stateful=True,use_lstm=True"
183,0.6651722,1.6170197,0.6926801,0.5601079,False,,,184,8138601866f14c599b869b9f72258bd7,2020-03-06_21-31-31,1583526691,5.736062288284302,1060.3715507984161,16975,home,10.183.96.137,1060.3715507984161,0,184,1ddeaff4,"12_batch_size=64,data_preprocessing=high_pass,dim_hidden=6,lr=0.04536,stateful=True,use_lstm=True"
184,0.67413586,1.4952928,0.6885968,0.57224005,False,,,185,8138601866f14c599b869b9f72258bd7,2020-03-06_21-31-37,1583526697,5.288272857666016,1065.6598236560822,16975,home,10.183.96.137,1065.6598236560822,0,185,1ddeaff4,"12_batch_size=64,data_preprocessing=high_pass,dim_hidden=6,lr=0.04536,stateful=True,use_lstm=True"
185,0.65284956,1.6116619,0.7033422,0.554214,False,,,186,8138601866f14c599b869b9f72258bd7,2020-03-06_21-31-42,1583526702,5.612271785736084,1071.2720954418182,16975,home,10.183.96.137,1071.2720954418182,0,186,1ddeaff4,"12_batch_size=64,data_preprocessing=high_pass,dim_hidden=6,lr=0.04536,stateful=True,use_lstm=True"
186,0.6584731,1.4089322,0.6962288,0.6083057,False,,,187,8138601866f14c599b869b9f72258bd7,2020-03-06_21-31-51,1583526711,6.204230308532715,1077.476325750351,16975,home,10.183.96.137,1077.476325750351,0,187,1ddeaff4,"12_batch_size=64,data_preprocessing=high_pass,dim_hidden=6,lr=0.04536,stateful=True,use_lstm=True"
187,0.65304196,1.413694,0.70524985,0.5920234,False,,,188,8138601866f14c599b869b9f72258bd7,2020-03-06_21-31-56,1583526716,5.478883504867554,1082.9552092552185,16975,home,10.183.96.137,1082.9552092552185,0,188,1ddeaff4,"12_batch_size=64,data_preprocessing=high_pass,dim_hidden=6,lr=0.04536,stateful=True,use_lstm=True"
188,0.6425987,1.373141,0.7005839,0.6031622,False,,,189,8138601866f14c599b869b9f72258bd7,2020-03-06_21-32-02,1583526722,5.819683074951172,1088.7748923301697,16975,home,10.183.96.137,1088.7748923301697,0,189,1ddeaff4,"12_batch_size=64,data_preprocessing=high_pass,dim_hidden=6,lr=0.04536,stateful=True,use_lstm=True"
189,0.6416234,1.3220414,0.71040434,0.6102448,False,,,190,8138601866f14c599b869b9f72258bd7,2020-03-06_21-32-08,1583526728,5.7471349239349365,1094.5220272541046,16975,home,10.183.96.137,1094.5220272541046,0,190,1ddeaff4,"12_batch_size=64,data_preprocessing=high_pass,dim_hidden=6,lr=0.04536,stateful=True,use_lstm=True"
190,0.65009236,1.3955091,0.69823986,0.5901737,False,,,191,8138601866f14c599b869b9f72258bd7,2020-03-06_21-32-13,1583526733,5.274361610412598,1099.7963888645172,16975,home,10.183.96.137,1099.7963888645172,0,191,1ddeaff4,"12_batch_size=64,data_preprocessing=high_pass,dim_hidden=6,lr=0.04536,stateful=True,use_lstm=True"
191,0.65072685,1.5211695,0.7008254,0.5852018,False,,,192,8138601866f14c599b869b9f72258bd7,2020-03-06_21-32-18,1583526738,4.894484281539917,1104.6908731460571,16975,home,10.183.96.137,1104.6908731460571,0,192,1ddeaff4,"12_batch_size=64,data_preprocessing=high_pass,dim_hidden=6,lr=0.04536,stateful=True,use_lstm=True"
192,0.6440001,1.318435,0.7037328,0.6071125,False,,,193,8138601866f14c599b869b9f72258bd7,2020-03-06_21-32-23,1583526743,5.259889125823975,1109.950762271881,16975,home,10.183.96.137,1109.950762271881,0,193,1ddeaff4,"12_batch_size=64,data_preprocessing=high_pass,dim_hidden=6,lr=0.04536,stateful=True,use_lstm=True"
193,0.6394436,1.290562,0.70592064,0.6249626,False,,,194,8138601866f14c599b869b9f72258bd7,2020-03-06_21-32-29,1583526749,5.919517517089844,1115.870279788971,16975,home,10.183.96.137,1115.870279788971,0,194,1ddeaff4,"12_batch_size=64,data_preprocessing=high_pass,dim_hidden=6,lr=0.04536,stateful=True,use_lstm=True"
194,0.6474045,1.2427341,0.703371,0.61962384,False,,,195,8138601866f14c599b869b9f72258bd7,2020-03-06_21-32-34,1583526754,5.292601823806763,1121.1628816127777,16975,home,10.183.96.137,1121.1628816127777,0,195,1ddeaff4,"12_batch_size=64,data_preprocessing=high_pass,dim_hidden=6,lr=0.04536,stateful=True,use_lstm=True"
195,0.6051705,1.3512326,0.7167819,0.6209701,False,,,196,8138601866f14c599b869b9f72258bd7,2020-03-06_21-32-40,1583526760,5.670058250427246,1126.832939863205,16975,home,10.183.96.137,1126.832939863205,0,196,1ddeaff4,"12_batch_size=64,data_preprocessing=high_pass,dim_hidden=6,lr=0.04536,stateful=True,use_lstm=True"
196,0.6267226,1.2213012,0.7082265,0.6185215,False,,,197,8138601866f14c599b869b9f72258bd7,2020-03-06_21-32-45,1583526765,5.327022314071655,1132.1599621772766,16975,home,10.183.96.137,1132.1599621772766,0,197,1ddeaff4,"12_batch_size=64,data_preprocessing=high_pass,dim_hidden=6,lr=0.04536,stateful=True,use_lstm=True"
197,0.6181674,1.2314721,0.7082291,0.6109254,False,,,198,8138601866f14c599b869b9f72258bd7,2020-03-06_21-32-51,1583526771,5.712581634521484,1137.872543811798,16975,home,10.183.96.137,1137.872543811798,0,198,1ddeaff4,"12_batch_size=64,data_preprocessing=high_pass,dim_hidden=6,lr=0.04536,stateful=True,use_lstm=True"
198,0.6309659,1.203645,0.70625216,0.62520385,False,,,199,8138601866f14c599b869b9f72258bd7,2020-03-06_21-32-59,1583526779,6.035852670669556,1143.9083964824677,16975,home,10.183.96.137,1143.9083964824677,0,199,1ddeaff4,"12_batch_size=64,data_preprocessing=high_pass,dim_hidden=6,lr=0.04536,stateful=True,use_lstm=True"
199,0.62065697,1.3848319,0.7140893,0.6075852,False,,,200,8138601866f14c599b869b9f72258bd7,2020-03-06_21-33-05,1583526785,5.3685808181762695,1149.276977300644,16975,home,10.183.96.137,1149.276977300644,0,200,1ddeaff4,"12_batch_size=64,data_preprocessing=high_pass,dim_hidden=6,lr=0.04536,stateful=True,use_lstm=True"
200,0.6260667,1.243944,0.7058546,0.6133076,False,,,201,8138601866f14c599b869b9f72258bd7,2020-03-06_21-33-14,1583526794,6.095714092254639,1155.3726913928986,16975,home,10.183.96.137,1155.3726913928986,0,201,1ddeaff4,"12_batch_size=64,data_preprocessing=high_pass,dim_hidden=6,lr=0.04536,stateful=True,use_lstm=True"
201,0.60664034,1.3198451,0.7135897,0.6018875,False,,,202,8138601866f14c599b869b9f72258bd7,2020-03-06_21-33-19,1583526799,5.45972204208374,1160.8324134349823,16975,home,10.183.96.137,1160.8324134349823,0,202,1ddeaff4,"12_batch_size=64,data_preprocessing=high_pass,dim_hidden=6,lr=0.04536,stateful=True,use_lstm=True"
202,0.6278531,1.1509885,0.7011616,0.64948565,False,,,203,8138601866f14c599b869b9f72258bd7,2020-03-06_21-33-25,1583526805,5.938266038894653,1166.770679473877,16975,home,10.183.96.137,1166.770679473877,0,203,1ddeaff4,"12_batch_size=64,data_preprocessing=high_pass,dim_hidden=6,lr=0.04536,stateful=True,use_lstm=True"
203,0.59630716,1.1330088,0.7171375,0.6331535,False,,,204,8138601866f14c599b869b9f72258bd7,2020-03-06_21-33-31,1583526811,5.481635332107544,1172.2523148059845,16975,home,10.183.96.137,1172.2523148059845,0,204,1ddeaff4,"12_batch_size=64,data_preprocessing=high_pass,dim_hidden=6,lr=0.04536,stateful=True,use_lstm=True"
204,0.60707396,1.1582421,0.71474844,0.6541331,False,,,205,8138601866f14c599b869b9f72258bd7,2020-03-06_21-33-39,1583526819,6.104962587356567,1178.357277393341,16975,home,10.183.96.137,1178.357277393341,0,205,1ddeaff4,"12_batch_size=64,data_preprocessing=high_pass,dim_hidden=6,lr=0.04536,stateful=True,use_lstm=True"
205,0.6025118,1.1205233,0.72117025,0.6435201,False,,,206,8138601866f14c599b869b9f72258bd7,2020-03-06_21-33-44,1583526824,5.776015758514404,1184.1332931518555,16975,home,10.183.96.137,1184.1332931518555,0,206,1ddeaff4,"12_batch_size=64,data_preprocessing=high_pass,dim_hidden=6,lr=0.04536,stateful=True,use_lstm=True"
206,0.5931148,1.2260549,0.7221359,0.641045,False,,,207,8138601866f14c599b869b9f72258bd7,2020-03-06_21-33-50,1583526830,5.620053768157959,1189.7533469200134,16975,home,10.183.96.137,1189.7533469200134,0,207,1ddeaff4,"12_batch_size=64,data_preprocessing=high_pass,dim_hidden=6,lr=0.04536,stateful=True,use_lstm=True"
207,0.6173709,1.1397438,0.71183676,0.624921,False,,,208,8138601866f14c599b869b9f72258bd7,2020-03-06_21-33-56,1583526836,5.7260706424713135,1195.4794175624847,16975,home,10.183.96.137,1195.4794175624847,0,208,1ddeaff4,"12_batch_size=64,data_preprocessing=high_pass,dim_hidden=6,lr=0.04536,stateful=True,use_lstm=True"
208,0.61583054,1.3798673,0.71646243,0.602041,False,,,209,8138601866f14c599b869b9f72258bd7,2020-03-06_21-34-01,1583526841,5.229947805404663,1200.7093653678894,16975,home,10.183.96.137,1200.7093653678894,0,209,1ddeaff4,"12_batch_size=64,data_preprocessing=high_pass,dim_hidden=6,lr=0.04536,stateful=True,use_lstm=True"
209,0.61644447,1.3378901,0.72143227,0.59531313,False,,,210,8138601866f14c599b869b9f72258bd7,2020-03-06_21-34-07,1583526847,5.690342664718628,1206.399708032608,16975,home,10.183.96.137,1206.399708032608,0,210,1ddeaff4,"12_batch_size=64,data_preprocessing=high_pass,dim_hidden=6,lr=0.04536,stateful=True,use_lstm=True"
210,0.5756712,1.3386918,0.7285408,0.5717392,False,,,211,8138601866f14c599b869b9f72258bd7,2020-03-06_21-34-12,1583526852,5.265245676040649,1211.6649537086487,16975,home,10.183.96.137,1211.6649537086487,0,211,1ddeaff4,"12_batch_size=64,data_preprocessing=high_pass,dim_hidden=6,lr=0.04536,stateful=True,use_lstm=True"
211,0.5445028,1.2854228,0.74263227,0.62290305,False,,,212,8138601866f14c599b869b9f72258bd7,2020-03-06_21-34-17,1583526857,5.407626152038574,1217.0725798606873,16975,home,10.183.96.137,1217.0725798606873,0,212,1ddeaff4,"12_batch_size=64,data_preprocessing=high_pass,dim_hidden=6,lr=0.04536,stateful=True,use_lstm=True"
212,2.4552846,1.2593545,0.58216,0.5105383,False,,,213,8138601866f14c599b869b9f72258bd7,2020-03-06_21-34-22,1583526862,4.5947585105896,1221.6673383712769,16975,home,10.183.96.137,1221.6673383712769,0,213,1ddeaff4,"12_batch_size=64,data_preprocessing=high_pass,dim_hidden=6,lr=0.04536,stateful=True,use_lstm=True"
213,0.74415934,1.1802155,0.6392067,0.593722,False,,,214,8138601866f14c599b869b9f72258bd7,2020-03-06_21-34-28,1583526868,6.18908166885376,1227.8564200401306,16975,home,10.183.96.137,1227.8564200401306,0,214,1ddeaff4,"12_batch_size=64,data_preprocessing=high_pass,dim_hidden=6,lr=0.04536,stateful=True,use_lstm=True"
214,0.667503,1.1512982,0.68290734,0.6555283,False,,,215,8138601866f14c599b869b9f72258bd7,2020-03-06_21-34-34,1583526874,5.771920204162598,1233.6283402442932,16975,home,10.183.96.137,1233.6283402442932,0,215,1ddeaff4,"12_batch_size=64,data_preprocessing=high_pass,dim_hidden=6,lr=0.04536,stateful=True,use_lstm=True"
215,0.61515296,1.3252485,0.7211154,0.623433,False,,,216,8138601866f14c599b869b9f72258bd7,2020-03-06_21-34-40,1583526880,5.618060111999512,1239.2464003562927,16975,home,10.183.96.137,1239.2464003562927,0,216,1ddeaff4,"12_batch_size=64,data_preprocessing=high_pass,dim_hidden=6,lr=0.04536,stateful=True,use_lstm=True"
216,0.59728307,1.3413185,0.720033,0.6201114,False,,,217,8138601866f14c599b869b9f72258bd7,2020-03-06_21-34-45,1583526885,5.650903701782227,1244.897304058075,16975,home,10.183.96.137,1244.897304058075,0,217,1ddeaff4,"12_batch_size=64,data_preprocessing=high_pass,dim_hidden=6,lr=0.04536,stateful=True,use_lstm=True"
217,0.576089,1.1954867,0.73186857,0.63506097,False,,,218,8138601866f14c599b869b9f72258bd7,2020-03-06_21-34-53,1583526893,6.163724422454834,1251.0610284805298,16975,home,10.183.96.137,1251.0610284805298,0,218,1ddeaff4,"12_batch_size=64,data_preprocessing=high_pass,dim_hidden=6,lr=0.04536,stateful=True,use_lstm=True"
218,0.56748503,1.2544479,0.7332597,0.63554335,False,,,219,8138601866f14c599b869b9f72258bd7,2020-03-06_21-34-59,1583526899,5.646958351135254,1256.707986831665,16975,home,10.183.96.137,1256.707986831665,0,219,1ddeaff4,"12_batch_size=64,data_preprocessing=high_pass,dim_hidden=6,lr=0.04536,stateful=True,use_lstm=True"
219,0.55936414,1.2183821,0.74218714,0.6203586,False,,,220,8138601866f14c599b869b9f72258bd7,2020-03-06_21-35-04,1583526904,5.4710853099823,1262.1790721416473,16975,home,10.183.96.137,1262.1790721416473,0,220,1ddeaff4,"12_batch_size=64,data_preprocessing=high_pass,dim_hidden=6,lr=0.04536,stateful=True,use_lstm=True"
220,0.5490634,1.2569401,0.7431092,0.60159945,False,,,221,8138601866f14c599b869b9f72258bd7,2020-03-06_21-35-13,1583526913,5.841851711273193,1268.0209238529205,16975,home,10.183.96.137,1268.0209238529205,0,221,1ddeaff4,"12_batch_size=64,data_preprocessing=high_pass,dim_hidden=6,lr=0.04536,stateful=True,use_lstm=True"
221,0.5466542,1.4379628,0.74200255,0.6263861,False,,,222,8138601866f14c599b869b9f72258bd7,2020-03-06_21-35-18,1583526918,5.224117994308472,1273.245041847229,16975,home,10.183.96.137,1273.245041847229,0,222,1ddeaff4,"12_batch_size=64,data_preprocessing=high_pass,dim_hidden=6,lr=0.04536,stateful=True,use_lstm=True"
222,0.5284749,1.2888985,0.75340605,0.6226364,False,,,223,8138601866f14c599b869b9f72258bd7,2020-03-06_21-35-24,1583526924,5.634320497512817,1278.8793623447418,16975,home,10.183.96.137,1278.8793623447418,0,223,1ddeaff4,"12_batch_size=64,data_preprocessing=high_pass,dim_hidden=6,lr=0.04536,stateful=True,use_lstm=True"
223,0.5393088,1.3407,0.743835,0.6146069,False,,,224,8138601866f14c599b869b9f72258bd7,2020-03-06_21-35-29,1583526929,5.287276744842529,1284.1666390895844,16975,home,10.183.96.137,1284.1666390895844,0,224,1ddeaff4,"12_batch_size=64,data_preprocessing=high_pass,dim_hidden=6,lr=0.04536,stateful=True,use_lstm=True"
224,0.5282238,1.2876452,0.74652046,0.6437375,False,,,225,8138601866f14c599b869b9f72258bd7,2020-03-06_21-35-35,1583526935,5.592828750610352,1289.7594678401947,16975,home,10.183.96.137,1289.7594678401947,0,225,1ddeaff4,"12_batch_size=64,data_preprocessing=high_pass,dim_hidden=6,lr=0.04536,stateful=True,use_lstm=True"
225,0.51973957,1.321345,0.74577,0.62770253,False,,,226,8138601866f14c599b869b9f72258bd7,2020-03-06_21-35-40,1583526940,5.327966213226318,1295.087434053421,16975,home,10.183.96.137,1295.087434053421,0,226,1ddeaff4,"12_batch_size=64,data_preprocessing=high_pass,dim_hidden=6,lr=0.04536,stateful=True,use_lstm=True"
226,0.5192538,1.2483361,0.75066924,0.64227915,False,,,227,8138601866f14c599b869b9f72258bd7,2020-03-06_21-35-45,1583526945,5.167468070983887,1300.254902124405,16975,home,10.183.96.137,1300.254902124405,0,227,1ddeaff4,"12_batch_size=64,data_preprocessing=high_pass,dim_hidden=6,lr=0.04536,stateful=True,use_lstm=True"
227,0.5039972,1.2182205,0.7544261,0.63950646,False,,,228,8138601866f14c599b869b9f72258bd7,2020-03-06_21-35-51,1583526951,5.4821648597717285,1305.7370669841766,16975,home,10.183.96.137,1305.7370669841766,0,228,1ddeaff4,"12_batch_size=64,data_preprocessing=high_pass,dim_hidden=6,lr=0.04536,stateful=True,use_lstm=True"
228,0.49288312,1.2112548,0.75570667,0.64960355,False,,,229,8138601866f14c599b869b9f72258bd7,2020-03-06_21-35-57,1583526957,5.8149495124816895,1311.5520164966583,16975,home,10.183.96.137,1311.5520164966583,0,229,1ddeaff4,"12_batch_size=64,data_preprocessing=high_pass,dim_hidden=6,lr=0.04536,stateful=True,use_lstm=True"
229,0.47755778,1.2620721,0.7634027,0.6358244,False,,,230,8138601866f14c599b869b9f72258bd7,2020-03-06_21-36-02,1583526962,5.404098749160767,1316.956115245819,16975,home,10.183.96.137,1316.956115245819,0,230,1ddeaff4,"12_batch_size=64,data_preprocessing=high_pass,dim_hidden=6,lr=0.04536,stateful=True,use_lstm=True"
230,0.4940222,1.2618774,0.7531116,0.6651945,False,,,231,8138601866f14c599b869b9f72258bd7,2020-03-06_21-36-07,1583526967,5.032686471939087,1321.9888017177582,16975,home,10.183.96.137,1321.9888017177582,0,231,1ddeaff4,"12_batch_size=64,data_preprocessing=high_pass,dim_hidden=6,lr=0.04536,stateful=True,use_lstm=True"
231,0.47443038,1.210616,0.7635557,0.662975,False,,,232,8138601866f14c599b869b9f72258bd7,2020-03-06_21-36-13,1583526973,5.525346994400024,1327.5141487121582,16975,home,10.183.96.137,1327.5141487121582,0,232,1ddeaff4,"12_batch_size=64,data_preprocessing=high_pass,dim_hidden=6,lr=0.04536,stateful=True,use_lstm=True"
232,0.51317775,1.164371,0.74883443,0.6677968,False,,,233,8138601866f14c599b869b9f72258bd7,2020-03-06_21-36-19,1583526979,6.119356870651245,1333.6335055828094,16975,home,10.183.96.137,1333.6335055828094,0,233,1ddeaff4,"12_batch_size=64,data_preprocessing=high_pass,dim_hidden=6,lr=0.04536,stateful=True,use_lstm=True"
233,0.48230922,1.3070117,0.7578587,0.6324586,False,,,234,8138601866f14c599b869b9f72258bd7,2020-03-06_21-36-24,1583526984,5.567707300186157,1339.2012128829956,16975,home,10.183.96.137,1339.2012128829956,0,234,1ddeaff4,"12_batch_size=64,data_preprocessing=high_pass,dim_hidden=6,lr=0.04536,stateful=True,use_lstm=True"
234,0.487122,1.2120345,0.7569232,0.66270995,False,,,235,8138601866f14c599b869b9f72258bd7,2020-03-06_21-36-30,1583526990,5.487626075744629,1344.6888389587402,16975,home,10.183.96.137,1344.6888389587402,0,235,1ddeaff4,"12_batch_size=64,data_preprocessing=high_pass,dim_hidden=6,lr=0.04536,stateful=True,use_lstm=True"
235,0.49443674,1.1747657,0.75255924,0.6667754,False,,,236,8138601866f14c599b869b9f72258bd7,2020-03-06_21-36-36,1583526996,5.841859817504883,1350.5306987762451,16975,home,10.183.96.137,1350.5306987762451,0,236,1ddeaff4,"12_batch_size=64,data_preprocessing=high_pass,dim_hidden=6,lr=0.04536,stateful=True,use_lstm=True"
236,0.47456247,1.3192607,0.7588808,0.6240046,False,,,237,8138601866f14c599b869b9f72258bd7,2020-03-06_21-36-41,1583527001,5.277043104171753,1355.8077418804169,16975,home,10.183.96.137,1355.8077418804169,0,237,1ddeaff4,"12_batch_size=64,data_preprocessing=high_pass,dim_hidden=6,lr=0.04536,stateful=True,use_lstm=True"
237,0.4752463,1.141379,0.75845903,0.63460386,False,,,238,8138601866f14c599b869b9f72258bd7,2020-03-06_21-36-47,1583527007,5.585517883300781,1361.3932597637177,16975,home,10.183.96.137,1361.3932597637177,0,238,1ddeaff4,"12_batch_size=64,data_preprocessing=high_pass,dim_hidden=6,lr=0.04536,stateful=True,use_lstm=True"
